<?xml version="1.0" encoding="UTF-8"?>
<portlet-app xmlns="http://java.sun.com/xml/ns/portlet/portlet-app_2_0.xsd" version="2.0" xmlns:xsi="http://www.w3.org/2001/XMLSchema-instance" xsi:schemaLocation="http://java.sun.com/xml/ns/portlet/portlet-app_2_0.xsd http://java.sun.com/xml/ns/portlet/portlet-app_2_0.xsd" id="com.portalpagos.resultadohistoricopagos.portlet.ResultadoHistoricoPagosPortlet.92f2425eb4">
	<portlet>
		<portlet-name>Portal de Pagos - Filtro historico pagos - JSR (286)</portlet-name>
		<display-name xml:lang="en">Portal de Pagos - Filtro historico pagos - JSR (286)</display-name>
		<display-name xml:lang="es">Portal de Pagos - Filtro historico pagos - JSR (286)</display-name>
		<display-name>Portal de Pagos - Filtro historico pagos - JSR (286)</display-name>
		<portlet-class>com.portalpagos.filtrohistoricopagos.portlet.FiltroHistoricoPagosPortlet</portlet-class>
		<init-param>
			<name>com.ibm.faces.portlet.page.view</name>
			<value>/xhtmls/FiltroHistorico/FiltroHistoricoPagosView.xhtml</value>
		</init-param>
		<init-param>
			<name>wps.markup</name>
			<value>html</value>
		</init-param>
		<expiration-cache>0</expiration-cache>
		<supports>
			<mime-type>text/html</mime-type>
			<portlet-mode>view</portlet-mode>
		</supports>
		<supported-locale>es</supported-locale>
		<supported-locale>en</supported-locale>
		<resource-bundle>com.portalpagos.filtrohistoricopagos.portlet.nl.FiltroHistoricoPagosPortletResource</resource-bundle>
		<portlet-info>
			<title>Portal de Pagos - Filtro historico pagos - JSR (286)</title>
			<short-title>Portal de Pagos - Filtro historico pagos - JSR (286)</short-title>
			<keywords>Portal de Pagos - Filtro historico pagos - JSR (286)</keywords>
		</portlet-info>
		<portlet-preferences>
			<preference>
				<name>pathContent-contHistoricoPago</name>
				<value>/PortalPagosAval/asContenidosFormularios/asHistoricoPagos/contHistoricoPagos</value>
			</preference>
			<preference>
				<name>bankId</name>
				<value>00010236</value>
			</preference>
			<preference>
				<name>bankName</name>
				<value>Aval</value>
			</preference>
			<preference>
				<name>pagina-origen</name>
				<value>Histórico de Pagos</value>
			</preference>
		</portlet-preferences>
		<supported-processing-event>
			<name>rqFiltroHistoricoPagos</name>
		</supported-processing-event>
		<supported-publishing-event>
			<name>rqFiltroHistoricoPagos</name>
		</supported-publishing-event>
	</portlet>
	<portlet>
		<portlet-name>Portal de Pagos - Resultado Historico Pagos - JSR (286)</portlet-name>
		<display-name xml:lang="en">Portal de Pagos - Resultado Historico Pagos - JSR (286)</display-name>
		<display-name xml:lang="es">Portal de Pagos - Resultado Historico Pagos - JSR (286)</display-name>
		<display-name>Portal de Pagos - Resultado Historico Pagos - JSR (286)</display-name>
		<portlet-class>com.portalpagos.resultadohistoricopagos.portlet.ResultadoHistoricoPagosPortlet</portlet-class>
		<init-param>
			<name>com.ibm.faces.portlet.page.view</name>
			<value>/xhtmls/ResultadoHistorico/ResultadoHistoricoPagosView.xhtml</value>
		</init-param>
		<init-param>
			<name>wps.markup</name>
			<value>html</value>
		</init-param>
		<expiration-cache>0</expiration-cache>
		<supports>
			<mime-type>text/html</mime-type>
			<portlet-mode>view</portlet-mode>
		</supports>
		<supported-locale>es</supported-locale>
		<supported-locale>en</supported-locale>
		<resource-bundle>com.portalpagos.resultadohistoricopagos.portlet.nl.ResultadoHistoricoPagosPortletResource</resource-bundle>
		<portlet-info>
			<title>Portal de Pagos - Resultado Historico Pagos - JSR (286)</title>
			<short-title>Portal de Pagos - Resultado Historico Pagos - JSR (286)</short-title>
			<keywords>Portal de Pagos - Resultado Historico Pagos - JSR (286)</keywords>
		</portlet-info>
		<portlet-preferences>
			<preference>
				<name>pathContent-contHistoricoPago</name>
				<value>/PortalPagosAval/asContenidosFormularios/asHistoricoPagos/contHistoricoPagos</value>
			</preference>
			<preference>
				<name>bankId</name>
				<value>00010236</value>
			</preference>
			<preference>
				<name>bankName</name>
				<value>Aval</value>
			</preference>
			<preference>
				<name>pagina-origen</name>
				<value>Histórico de Pagos</value>
			</preference>
			<preference>
				<name>pathErroresTecnicos</name>
				<value>/PortalPagosAval/ContenidosTransversales/asErroresTecnicos/</value>
			</preference>
		</portlet-preferences>
		<supported-processing-event>
			<name>rqFiltroHistoricoPagos</name>
		</supported-processing-event>
		<supported-publishing-event>
			<name>requestEventVerComprobante</name>
		</supported-publishing-event>
	</portlet>
	<default-namespace>http://ResultadoHistoricoPagos/</default-namespace>
	<event-definition>
		<name>rqFiltroHistoricoPagos</name>
		<value-type>java.lang.String</value-type>
	</event-definition>
	
	<event-definition>
		<name>rqFiltroHistoricoPagos</name>
		<value-type>java.lang.String</value-type>
	</event-definition>
	<event-definition>
		<name>requestEventVerComprobante</name>
		<value-type>java.lang.String</value-type>
	</event-definition>
</portlet-app>
