<?xml version="1.0" encoding="UTF-8"?>
<beans xmlns="http://www.springframework.org/schema/beans"
	xmlns:xsi="http://www.w3.org/2001/XMLSchema-instance"
	xsi:schemaLocation="http://www.springframework.org/schema/beans http://www.springframework.org/schema/beans/spring-beans.xsd">

	<!-- Root Context: defines shared resources visible to all other web components -->

	<bean id="dataSource"
		class="org.springframework.jndi.JndiObjectFactoryBean">
		<property name="jndiName" value="jdbc/PortalPagosDS" />
	</bean>
	
	<bean id="parameterJDBCTemplate"
		class="co.com.ath.persistence.dao.impl.ParameterDAOImpl">
		<property name="dataSource" ref="dataSource" />
	</bean>
	
	<bean id="rolJDBCTemplate"
		class="co.com.ath.persistence.dao.impl.RolDAOImpl">
		<property name="dataSource" ref="dataSource" />
	</bean>
	
	<bean id="permissionJDBCTemplate"
		class="co.com.ath.persistence.dao.impl.PermissionDAOImpl">
		<property name="dataSource" ref="dataSource" />
	</bean>
</beans>