<?xml version="1.0" encoding="UTF-8"?>

<faces-config
    xmlns="http://java.sun.com/xml/ns/javaee"
    xmlns:xsi="http://www.w3.org/2001/XMLSchema-instance"
    xsi:schemaLocation="http://java.sun.com/xml/ns/javaee http://java.sun.com/xml/ns/javaee/web-facesconfig_2_0.xsd"
    version="2.0">
	<application>
		<view-handler>com.ibm.faces20.portlet.FaceletPortletViewHandler</view-handler>
		<el-resolver>com.ibm.faces20.portlet.PortletELResolver</el-resolver>
		<resource-handler>com.ibm.faces20.portlet.httpbridge.PortletResourceHandler</resource-handler>
		<resource-bundle>
			<base-name>com.portalrecaudadores.consultatransacciones.portlet.nl.ConsultaTransaccionesPortletResource</base-name>
			<var>properties</var>
		</resource-bundle>
	</application>
	<component>
		<component-type>com.ibm.faces20.portlet.component.PortletActionURL</component-type>
		<component-class>com.ibm.faces20.portlet.component.PortletActionURL</component-class>
	</component>
	<component>
		<component-type>com.ibm.faces20.portlet.component.PortletResourceURL</component-type>
		<component-class>com.ibm.faces20.portlet.component.PortletResourceURL</component-class>
	</component>
	<component>
		<component-type>com.ibm.faces20.portlet.component.PortletRenderURL</component-type>
		<component-class>com.ibm.faces20.portlet.component.PortletRenderURL</component-class>
	</component>
	<component>
		<component-type>com.ibm.faces20.portlet.component.PortletParam</component-type>
		<component-class>com.ibm.faces20.portlet.component.PortletParam</component-class>
	</component>
	<component>
		<component-type>com.ibm.faces20.portlet.component.PortletProperty</component-type>
		<component-class>com.ibm.faces20.portlet.component.PortletProperty</component-class>
	</component>
	<component>
		<component-type>com.ibm.faces20.portlet.component.PortletNameSpace</component-type>
		<component-class>com.ibm.faces20.portlet.component.PortletNameSpace</component-class>
	</component>
    <navigation-rule>
       <from-view-id>*</from-view-id>
       <navigation-case>
           <from-outcome>logout</from-outcome>
           <to-view-id>/xhtml/logout.xhtml</to-view-id>
           <redirect/>
     </navigation-case>
    </navigation-rule>
	<render-kit>
		<renderer>
			<component-family>javax.faces.Output</component-family>
			<renderer-type>com.ibm.faces20.portlet.tag.render.ActionURLTagRender</renderer-type>
			<renderer-class>com.ibm.faces20.portlet.tag.render.ActionURLTagRender</renderer-class>
		</renderer>
	</render-kit>
	<render-kit>
		<renderer>
			<component-family>javax.faces.Output</component-family>
			<renderer-type>com.ibm.faces20.portlet.tag.render.ResourceURLTagRender</renderer-type>
			<renderer-class>com.ibm.faces20.portlet.tag.render.ResourceURLTagRender</renderer-class>
		</renderer>
	</render-kit>
	<render-kit>
		<renderer>
			<component-family>javax.faces.Output</component-family>
			<renderer-type>com.ibm.faces20.portlet.tag.render.RenderURLTagRender</renderer-type>
			<renderer-class>com.ibm.faces20.portlet.tag.render.RenderURLTagRender</renderer-class>
		</renderer>
	</render-kit>
	<render-kit>
		<renderer>
			<component-family>javax.faces.Output</component-family>
			<renderer-type>com.ibm.faces20.portlet.tag.render.PortletNameSpaceTagRender</renderer-type>
			<renderer-class>com.ibm.faces20.portlet.tag.render.PortletNameSpaceTagRender</renderer-class>
		</renderer>
	</render-kit>
    <lifecycle>
	    <phase-listener>com.portalrecaudadores.consultatransacciones.util.ValidateSession</phase-listener>
	</lifecycle>
</faces-config>