<?xml version="1.0" encoding="UTF-8"?>
<portlet-app xmlns="http://java.sun.com/xml/ns/portlet/portlet-app_2_0.xsd" version="2.0" xmlns:xsi="http://www.w3.org/2001/XMLSchema-instance" xsi:schemaLocation="http://java.sun.com/xml/ns/portlet/portlet-app_2_0.xsd http://java.sun.com/xml/ns/portlet/portlet-app_2_0.xsd" id="com.portalrecaudadores.consultatransacciones.portlet.ConsultaTransaccionesPortlet.038a17c6d4">
	<portlet>
		<portlet-name>Portal de Recaudadores - Consulta Transacciones - (JSR 286)</portlet-name>
		<display-name xml:lang="en">Portal de Recaudadores - Consulta Transacciones - (JSR 286)</display-name>
		<display-name xml:lang="es">Portal de Recaudadores - Consulta Transacciones - (JSR 286)</display-name>
		<display-name>Portal de Recaudadores - Consulta Transacciones - (JSR 286)</display-name>
		<portlet-class>com.portalrecaudadores.consultatransacciones.portlet.ConsultaTransaccionesPortlet</portlet-class>
		<init-param>
			<name>com.ibm.faces.portlet.page.view</name>
			<value>/xhtmls/ConsultaTransaccionesView.xhtml</value>
		</init-param>
		<init-param>
			<name>wps.markup</name>
			<value>html</value>
		</init-param>
		<expiration-cache>0</expiration-cache>
		<supports>
			<mime-type>text/html</mime-type>
			<portlet-mode>view</portlet-mode>
		</supports>
		<supported-locale>es</supported-locale>
		<supported-locale>en</supported-locale>
		<resource-bundle>com.portalrecaudadores.consultatransacciones.portlet.nl.ConsultaTransaccionesPortletResource</resource-bundle>
		<portlet-info>
			<title>Portal de Recaudadores - Consulta Transacciones - (JSR 286)</title>
			<short-title>Portal de Recaudadores - Consulta Transacciones - (JSR 286)</short-title>
			<keywords>Portal de Recaudadores - Consulta Transacciones - (JSR 286)</keywords>
		</portlet-info>
		<portlet-preferences>
			<preference>
				<name>pathContent-consultaTransacciones</name>
				<value>/PortalRecaudadores/asContenidosFormularios/asConsultaTransacciones/contConsultaTransacciones</value>
			</preference>
			<preference>
				<name>bankName</name>
				<value>AVAL</value>
			</preference>
			<preference>
				<name>pagina-origen</name>
				<value>Consulta transacciones</value>
			</preference>
			<preference>
            	<name>pathErroresTecnicos</name>
            	<value>/PortalRecaudadores/ContenidosTransversales/asErroresTecnicos/</value>
            </preference>
		</portlet-preferences>
		<supported-publishing-event>
			<name>rqFiltroResulTrans</name>
		</supported-publishing-event>
	</portlet>
	<default-namespace>http://ConsultaTransacciones/</default-namespace>
	<event-definition>
		<name>rqFiltroResulTrans</name>
		<value-type>java.lang.String</value-type>
	</event-definition>
</portlet-app>
