<?xml version="1.0" encoding="UTF-8"?>

<faces-config
    xmlns="http://java.sun.com/xml/ns/javaee"
    xmlns:xsi="http://www.w3.org/2001/XMLSchema-instance"
    xsi:schemaLocation="http://java.sun.com/xml/ns/javaee http://java.sun.com/xml/ns/javaee/web-facesconfig_2_0.xsd"
    version="2.0">
    <converter>
    	<converter-id>montoConverter</converter-id>
    	<converter-class>co.com.portales.commonweb.converters.MontoConverter</converter-class>
    </converter>
    <validator>
		<validator-id>validator.numberValidator</validator-id>
		<validator-class>co.com.portales.commonweb.validadores.NumberValidator</validator-class>
	</validator>
	 <validator>
    	<validator-id>validator.CompareValidator</validator-id>
    	<validator-class>co.com.portales.commonweb.validadores.CompareValidator</validator-class>
    </validator>
    <validator>
		<validator-id>validator.alphaNumericValidator</validator-id>
		<validator-class>co.com.portales.commonweb.validadores.AlphaNumericValidator</validator-class>
	</validator>
	<validator>
		<validator-id>validator.emailValidator</validator-id>
		<validator-class>co.com.portales.commonweb.validadores.EmailValidator</validator-class>
	</validator>
	<validator>
		<validator-id>validator.numberFranchiseValidator</validator-id>
		<validator-class>co.com.portales.commonweb.validadores.NumberFranchiseValidator</validator-class>
	</validator>
	<validator>
		<validator-id>validator.expirationDateValidator</validator-id>
		<validator-class>co.com.portales.commonweb.validadores.ExpirationDateValidator</validator-class>
	</validator>
	<validator>
		<validator-id>validator.phoneValidator</validator-id>
		<validator-class>co.com.portales.commonweb.validadores.PhoneValidator</validator-class>
	</validator>
	<application>
		<view-handler>com.ibm.faces20.portlet.FaceletPortletViewHandler</view-handler>
		<el-resolver>com.ibm.faces20.portlet.PortletELResolver</el-resolver>
		<resource-handler>com.ibm.faces20.portlet.httpbridge.PortletResourceHandler</resource-handler>
		<resource-bundle>
			<base-name>co.com.portales.commonweb.bundle.mensajes_pasarela</base-name>
			<var>pasarelaBundle</var>
		</resource-bundle>
	</application>
	<component>
		<component-type>com.ibm.faces20.portlet.component.PortletActionURL</component-type>
		<component-class>com.ibm.faces20.portlet.component.PortletActionURL</component-class>
	</component>
	<component>
		<component-type>com.ibm.faces20.portlet.component.PortletResourceURL</component-type>
		<component-class>com.ibm.faces20.portlet.component.PortletResourceURL</component-class>
	</component>
	<component>
		<component-type>com.ibm.faces20.portlet.component.PortletRenderURL</component-type>
		<component-class>com.ibm.faces20.portlet.component.PortletRenderURL</component-class>
	</component>
	<component>
		<component-type>com.ibm.faces20.portlet.component.PortletParam</component-type>
		<component-class>com.ibm.faces20.portlet.component.PortletParam</component-class>
	</component>
	<component>
		<component-type>com.ibm.faces20.portlet.component.PortletProperty</component-type>
		<component-class>com.ibm.faces20.portlet.component.PortletProperty</component-class>
	</component>
	<component>
		<component-type>com.ibm.faces20.portlet.component.PortletNameSpace</component-type>
		<component-class>com.ibm.faces20.portlet.component.PortletNameSpace</component-class>
	</component>
	<render-kit>
		<renderer>
			<component-family>javax.faces.Output</component-family>
			<renderer-type>com.ibm.faces20.portlet.tag.render.ActionURLTagRender</renderer-type>
			<renderer-class>com.ibm.faces20.portlet.tag.render.ActionURLTagRender</renderer-class>
		</renderer>
	</render-kit>
	<render-kit>
		<renderer>
			<component-family>javax.faces.Output</component-family>
			<renderer-type>com.ibm.faces20.portlet.tag.render.ResourceURLTagRender</renderer-type>
			<renderer-class>com.ibm.faces20.portlet.tag.render.ResourceURLTagRender</renderer-class>
		</renderer>
	</render-kit>
	<render-kit>
		<renderer>
			<component-family>javax.faces.Output</component-family>
			<renderer-type>com.ibm.faces20.portlet.tag.render.RenderURLTagRender</renderer-type>
			<renderer-class>com.ibm.faces20.portlet.tag.render.RenderURLTagRender</renderer-class>
		</renderer>
	</render-kit>
	<render-kit>
		<renderer>
			<component-family>javax.faces.Output</component-family>
			<renderer-type>com.ibm.faces20.portlet.tag.render.PortletNameSpaceTagRender</renderer-type>
			<renderer-class>com.ibm.faces20.portlet.tag.render.PortletNameSpaceTagRender</renderer-class>
		</renderer>
	</render-kit>
	<render-kit>
	    <renderer>
	        <component-family>javax.faces.Input</component-family>
	        <renderer-type>javax.faces.Text</renderer-type>
	        <renderer-class>co.com.pasarela.pagos.faces.renderer.InputRenderer</renderer-class>
	    </renderer>
	</render-kit>
    <navigation-rule>       
        <navigation-case>
            <from-outcome>RESPUESTA_PAGO</from-outcome>
            <to-view-id>/pages/ResultadoPagosAval.xhtml</to-view-id>         
        </navigation-case>
    </navigation-rule>
    <navigation-rule>       
        <navigation-case>
            <from-outcome>PAGOS</from-outcome>
            <to-view-id>/pages/PagosAval.xhtml</to-view-id>         
        </navigation-case>
    </navigation-rule>
</faces-config>