<?xml version="1.0" encoding="UTF-8"?>
<portlet-app xmlns="http://java.sun.com/xml/ns/portlet/portlet-app_2_0.xsd" version="2.0" xmlns:xsi="http://www.w3.org/2001/XMLSchema-instance" xsi:schemaLocation="http://java.sun.com/xml/ns/portlet/portlet-app_2_0.xsd http://java.sun.com/xml/ns/portlet/portlet-app_2_0.xsd" id="com.ibm.faces20.portlet.FacesPortlet.8a003ffc74">
	<portlet>
		<portlet-name>Pasarela de pagos - medios de pago</portlet-name>
		<display-name xml:lang="es">Pasarela de pagos - medios de pago</display-name>
		<display-name>Pasarela de pagos - medios de pago</display-name>
		<portlet-class>com.ibm.faces20.portlet.FacesPortlet</portlet-class>
		<init-param>
			<name>com.ibm.faces.portlet.page.view</name>
			<value>/pages/PagosAval.xhtml</value>
		</init-param>
		<init-param>
			<name>wps.markup</name>
			<value>html</value>
		</init-param>
		<expiration-cache>0</expiration-cache>
		<supports>
			<mime-type>text/html</mime-type>
			<portlet-mode>view</portlet-mode>
		</supports>
		<supported-locale>es</supported-locale>		
		<portlet-info>
			<title>Pasarela de pagos - medios de pago</title>
			<short-title>Pasarela de pagos - medios de pago</short-title>
			<keywords>Pasarela de pagos - medios de pago</keywords>
		</portlet-info>
		<!-- Preferencias -->
		<portlet-preferences>
			<preference>
				<name>documentosIdentidad</name>
				<value>CC;Cédula de ciudadanía-CE;Cédula de extranjería-NIT;NIT-TI;Tarjeta de identidad</value>
			</preference>
			<preference>
				<name>cantidadAnios</name>
				<value>10</value>
			</preference>
			<preference>
				<name>cantidadCuotas</name>
				<value>48</value>
			</preference>
			<preference>
				<name>urlAVVillas</name>
				<value>https://qa.avvillas.com.co/Banking/pb/logon?a=00010524#trazabilityCode=%s#idPa=true</value>
			</preference>
			<preference>
				<name>urlPopular</name>
				<value>https://qa.bancopopular.com.co/Banking/pb/logon?a=00010029#trazabilityCode=%s#idPa=true</value>
			</preference>
			<preference>
				<name>urlOccidente</name>
				<value>https://qa.bancodeoccidente.com.co/Banking/pb/logon?a=00010236#trazabilityCode=%s#idPa=true</value>
			</preference>
			<preference>
				<name>urlBogota</name>
				<value>https://qa.bancodebogota.com/Banking/pb/logon?a=00010016#trazabilityCode=%s#idPa=true</value>
			</preference>
			<preference>
				<name>urlRedirectPagoRBM</name>
				<!-- value>https://10.130.3.48:449/wps/portal/pasarela-de-pagos-aval/resultados?token=</value-->
				<value>http://localhost:10039/wps/myportal/Home/Rational_Components/RespDePago/?token=</value>
			</preference>
			<preference>
				<name>UrlLightboxredir</name>
				<!-- value>https://10.130.3.48:44/wps/portal/pasarela-de-pagos-aval/resultados?token=</value-->
				<value>http://localhost:10039/wps/myportal/ResultadoPago/Rational_Components/RespDePago/?token=</value>
			</preference>
			<preference>
				<!-- Valores validos: visaelectron, maestro, forbrugsforeningen, dankort, visa, mastercard, amex, dinersclub, discover, unionpay, jcb -->
				<name>franquiciasValidas</name>
				<value>visa,mastercard,amex</value>
			</preference>
			<preference>
				<name>urlTema</name>
				<value>https://10.130.3.45:10029/wps/wcm/connect/pasarela-de-pagos-aval/</value>
			</preference>
			<preference>
				<name>configPath</name>
				<value>PortalPasarelaConf</value>
			</preference>
			<preference>
				<name>duracionSession</name>
				<value>600000</value>
			</preference>
			<preference>
				<name>urlPagosAval</name>
				<value>https://www.pagosaval.com/</value>
			</preference>
			<preference>
				<name>urlRedireccion</name>
				<value>https://10.130.3.43:449/wps/portal/pasarela-de-pagos-aval/bienvenidos/</value>
			</preference>
			<preference>
				<name>maxHourACH</name>
				<value>17</value>
			</preference>
			<preference>
				<name>maxMinuteACH</name>
				<value>30</value>
			</preference>
			<preference>
				<name>nextDayACH</name>
				<value>O0101;O0102;O0103;O0104;O0105</value>
			</preference>
			<preference>
				<name>facilPassNura</name>
				<value>4023</value>
			</preference>
			<preference>
				<!-- ConveniosNuraValidos: O0104,O0105,O0303,O0204,O0205,O0404,O0405,O0206,O0212,O0211,O0213 -->
				<name>tokenizacion</name>
				<value>O0104,O0105,O0303,O0204,O0205,O0404,O0405,O0206,O0212,O0211,O0213</value>
			</preference>
		</portlet-preferences>
		<container-runtime-option>
	    	<name>com.ibm.portal.public.session</name>
	       	<value>true</value>
	   	</container-runtime-option>
	</portlet>
	
	<portlet>
		<portlet-name>Pasarela de pagos - resultado de pago</portlet-name>
		<display-name xml:lang="es">Pasarela de pagos - resultado de pago</display-name>
		<display-name>Pasarela de pagos - resultado de pago</display-name>
		<portlet-class>com.ibm.faces20.portlet.FacesPortlet</portlet-class>
		<init-param>
			<name>com.ibm.faces.portlet.page.view</name>
			<value>/pages/ResultadoPagosAval.xhtml</value>
		</init-param>
		<init-param>
			<name>wps.markup</name>
			<value>html</value>
		</init-param>
		<expiration-cache>0</expiration-cache>
		<supports>
			<mime-type>text/html</mime-type>
			<portlet-mode>view</portlet-mode>
		</supports>
		<supported-locale>es</supported-locale>		
		<portlet-info>
			<title>Pasarela de pagos - resultado de pago</title>
			<short-title>Pasarela de pagos - resultado de pago</short-title>
			<keywords>Pasarela de pagos - resultado de pago</keywords>
		</portlet-info>
		<!-- Preferencias -->
		<portlet-preferences>
			<preference>
				<name>urlTema</name>
				<value>https://10.130.3.45:10029/wps/wcm/connect/pasarela-de-pagos-aval/</value>
			</preference>
			<preference>
				<name>configPath</name>
				<value>PortalPasarelaConf</value>
			</preference>
			<preference>
				<name>duracionSession</name>
				<value>600000</value>
			</preference>
			<preference>
				<name>urlRedireccion</name>
				<value>https://10.130.3.43:449/wps/portal/pasarela-de-pagos-aval/bienvenidos/</value>
			</preference>
			<preference>
				<!-- ConveniosNuraValidos: O0104,O0105,O0303,O0204,O0205,O0404,O0405,O0206,O0212,O0211,O0213 -->
				<name>tokenizacion</name>
				<value>O0104,O0105,O0303,O0204,O0205,O0404,O0405,O0206,O0212,O0211,O0213</value>
			</preference>
		</portlet-preferences>
		<container-runtime-option>
	    	<name>com.ibm.portal.public.session</name>
	       	<value>true</value>
	   	</container-runtime-option>
	</portlet>
	
	<default-namespace>http://PP_MediosPagoPortlet/</default-namespace>
</portlet-app>
