<?xml version="1.0" encoding="UTF-8"?>
<ejb-jar version="3.1" xmlns="http://java.sun.com/xml/ns/javaee" xmlns:xsi="http://www.w3.org/2001/XMLSchema-instance" xsi:schemaLocation="http://java.sun.com/xml/ns/javaee http://java.sun.com/xml/ns/javaee/ejb-jar_3_1.xsd">
  <display-name>CommunicationMiddleWare </display-name>
  
  	<enterprise-beans >
		<session>
			<ejb-name>ServiceBean</ejb-name>
			<ejb-class>co.com.ath.payments.mc.service.bean.ServiceBean</ejb-class>
			<session-type>Stateless</session-type>
			<resource-env-ref>
				<resource-env-ref-name>jms/ATH-CF</resource-env-ref-name>
				<resource-env-ref-type>javax.jms.QueueConnectionFactory</resource-env-ref-type>
			</resource-env-ref>
			<resource-env-ref>
				<resource-env-ref-name>jms/ATH-Auditor.Q</resource-env-ref-name>
				<resource-env-ref-type>javax.jms.Queue</resource-env-ref-type>
			</resource-env-ref>
			<resource-env-ref>
				<resource-env-ref-name>jms/ATH-Error.Q</resource-env-ref-name>
				<resource-env-ref-type>javax.jms.Queue</resource-env-ref-type>
			</resource-env-ref>
		</session>
		<session>
			<ejb-name>RecaudadoresServiceBean</ejb-name>
			<ejb-class>co.com.ath.recaudadores.payments.mc.service.bean.RecaudadoresServiceBean</ejb-class>
			<session-type>Stateless</session-type>
			<resource-env-ref>
				<resource-env-ref-name>jms/ATH-CF</resource-env-ref-name>
				<resource-env-ref-type>javax.jms.QueueConnectionFactory</resource-env-ref-type>
			</resource-env-ref>
			<resource-env-ref>
				<resource-env-ref-name>jms/ATH-Auditor.Q</resource-env-ref-name>
				<resource-env-ref-type>javax.jms.Queue</resource-env-ref-type>
			</resource-env-ref>
			<resource-env-ref>
				<resource-env-ref-name>jms/ATH-Error.Q</resource-env-ref-name>
				<resource-env-ref-type>javax.jms.Queue</resource-env-ref-type>
			</resource-env-ref>
		</session>
	</enterprise-beans>

</ejb-jar>