<?xml version="1.0" encoding="UTF-8"?><portlet-app xmlns="http://java.sun.com/xml/ns/portlet/portlet-app_2_0.xsd" id="com.portalrecaudadores.resultadoconsultatrans.portlet.ResultadoConsultaTransPortlet.c96c2717d4" version="2.0" xmlns:xsi="http://www.w3.org/2001/XMLSchema-instance" xsi:schemaLocation="http://java.sun.com/xml/ns/portlet/portlet-app_2_0.xsd http://java.sun.com/xml/ns/portlet/portlet-app_2_0.xsd">
	<portlet>
		<portlet-name>Portal de Recaudadores - ResultadoConsultaTrans - JSR (286)</portlet-name>
		<display-name xml:lang="en">Portal de Recaudadores - ResultadoConsultaTrans - JSR (286)</display-name>
		<display-name xml:lang="es">Portal de Recaudadores - ResultadoConsultaTrans - JSR (286)</display-name>
		<display-name>Portal de Recaudadores - ResultadoConsultaTrans - JSR (286)</display-name>
		<portlet-class>com.portalrecaudadores.resultadoconsultatrans.portlet.ResultadoConsultaTransPortlet</portlet-class>
        <init-param>
            <name>com.ibm.faces.portlet.page.view</name>
            <value>/xhtmls/ResultadoConsultaTransView.xhtml</value>
        </init-param>
		<expiration-cache>0</expiration-cache>
		<supports>
			<mime-type>text/html</mime-type>
			<portlet-mode>view</portlet-mode>
		</supports>
		<supported-locale>es</supported-locale>
		<supported-locale>en</supported-locale>
		<resource-bundle>com.portalrecaudadores.resultadoconsultatrans.portlet.nl.ResultadoConsultaTransPortletResource</resource-bundle>
		<portlet-info>
			<title>Portal de Recaudadores - ResultadoConsultaTrans - JSR (286)</title>
			<short-title>Portal de Recaudadores - ResultadoConsultaTrans - JSR (286)</short-title>
			<keywords>Portal de Recaudadores - ResultadoConsultaTrans - JSR (286)</keywords>
		</portlet-info>
        <portlet-preferences>
            <preference>
                <name>urlHome</name>
                <value>/wps/portal/portal-de-recaudadores/</value>
            </preference>
            <preference>
                <name>pathContent-consultaTransacciones</name>
                <value>/PortalRecaudadores/asContenidosFormularios/asConsultaTransacciones/contConsultaTransacciones</value>
            </preference>
            <preference>
            	<name>maximoTransacciones</name>
            	<value>200</value>
            </preference>
            <preference>
            	<name>pathErroresTecnicos</name>
            	<value>/PortalRecaudadores/ContenidosTransversales/asErroresTecnicos/</value>
            </preference>
        </portlet-preferences>
        <supported-processing-event>
            <name>rqFiltroResulTrans</name>
        </supported-processing-event>
	</portlet>
	<default-namespace>http://ResultadoConsultaTrans/</default-namespace>
    <event-definition>
        <name>rqFiltroResulTrans</name>
        <value-type>java.lang.String</value-type>
    </event-definition>
</portlet-app>