<?xml version="1.0" encoding="UTF-8"?>
<portlet-app xmlns="http://java.sun.com/xml/ns/portlet/portlet-app_2_0.xsd"
	id="com.portalpagos.comprobantepago.portlet.ComprobantePagoPortlet.9d0d974a94"
	version="2.0" xmlns:xsi="http://www.w3.org/2001/XMLSchema-instance"
	xsi:schemaLocation="http://java.sun.com/xml/ns/portlet/portlet-app_2_0.xsd http://java.sun.com/xml/ns/portlet/portlet-app_2_0.xsd">
	<portlet>
		<portlet-name>Portal de Pagos - Comprobante pago - (JSR 286)</portlet-name>
		<display-name xml:lang="en">Portal de Pagos - Comprobante pago - (JSR 286)</display-name>
		<display-name xml:lang="es">Portal de Pagos - Comprobante pago - (JSR 286)</display-name>
		<display-name>Comprobante-Pago</display-name>
		<portlet-class>com.portalpagos.comprobantepago.portlet.ComprobantePagoPortlet</portlet-class>
		<init-param>
			<name>wps.markup</name>
			<value>html</value>
		</init-param>
		<expiration-cache>0</expiration-cache>
		<supports>
			<mime-type>text/html</mime-type>
			<portlet-mode>view</portlet-mode>
		</supports>
		<supported-locale>es</supported-locale>
		<supported-locale>en</supported-locale>
		<resource-bundle>com.portalpagos.comprobantepago.portlet.nl.ComprobantePagoPortletResource</resource-bundle>
		<portlet-info>
			<title>Comprobante-Pago</title>
			<short-title>Comprobante-Pago</short-title>
			<keywords>Comprobante-Pago</keywords>
		</portlet-info>
		<portlet-preferences>
			<preference>
				<name>pathContent-comprobantePago</name>
				<value>/PortalPagosAval/asContenidosFormularios/contComprobantePago</value>
			</preference>
			<preference>
				<name>pathContent-contComprobanteMailPagosAval</name>
				<value>/PortalPagosAval/asContenidosFormularios/contComprobanteMailPagosAval</value>
			</preference>
			<preference>
				<name>urlHome</name>
				<value>/wps/portal/portal-de-pagos/web/pruebas/resultado-busqueda/realizar-pago/pasarela-pagos/comprobante-pago/</value>
			</preference>
			<preference>
				<name>bankName</name>
				<value>Aval</value>
			</preference>
			<preference>
				<name>pagina-origen</name>
				<value>Comprobante de Pago</value>
			</preference>
			<preference>
				<name>bankId</name>
				<value>00010236</value>
			</preference>
			<preference>
				<name>pathErroresTecnicos</name>
				<value>/PortalPagosAval/ContenidosTransversales/asErroresTecnicos/</value>
			</preference>
			<preference>
				<name>nombreBaseImgConvenio</name>
				<value>contImagenConvenio</value>
			</preference>
			<preference>
				<name>path-imagenConv</name>
				<value>/LogosConvenios/asPagosAval/asQuePuedoPagarConvenios/</value>
			</preference>
		</portlet-preferences>
		<supported-processing-event>
			<name>responseEventVerComprobante</name>
		</supported-processing-event>
		<supported-publishing-event>
			<name>requestEventRegistrarPago</name>
		</supported-publishing-event>
		<supported-publishing-event>
			<name>requestEventInscribirServicio</name>
		</supported-publishing-event>
	</portlet>
	<default-namespace>http://Comprobante-Pago/</default-namespace>
	<event-definition>
		<description>Recibe y procesa ver comprobante</description>
		<name>responseEventVerComprobante</name>
		<value-type>java.lang.String</value-type>
	</event-definition>
	<event-definition>
		<description>Envia evento para el registro del pago</description>
		<name>requestEventRegistrarPago</name>
		<value-type>java.lang.String</value-type>
	</event-definition>
	<event-definition>
		<name>requestEventInscribirServicio</name>
		<value-type>java.lang.String</value-type>
	</event-definition>
</portlet-app>